{"train/loss": 5.6394, "train/grad_norm": 1011.94921875, "train/learning_rate": 2.2988505747126437e-07, "train/epoch": 0.0, "train/global_step": 1, "_timestamp": 1713624771.2496676, "_runtime": 197.28717470169067, "_step": 1, "eval/loss": 8.573966979980469, "eval/accuracy": 0.02, "eval/runtime": 97.3304, "eval/samples_per_second": 7.726, "eval/steps_per_second": 1.932, "_wandb": {"runtime": 301}}