{"train/loss": 6.0472, "train/grad_norm": 937.0206298828125, "train/learning_rate": 2.8735632183908047e-08, "train/epoch": 0.0, "train/global_step": 1, "_timestamp": 1713566389.5793073, "_runtime": 75.27721929550171, "_step": 0, "_wandb": {"runtime": 140}}