{"train/loss": 7.1734, "train/grad_norm": 607.3754272460938, "train/learning_rate": 3.8095238095238096e-08, "train/epoch": 0.01, "train/global_step": 1, "_timestamp": 1713017039.5076547, "_runtime": 97.74517178535461, "_step": 1, "eval/loss": 7.055032730102539, "eval/accuracy": 1.73, "eval/runtime": 28.0764, "eval/samples_per_second": 26.784, "eval/steps_per_second": 3.348, "_wandb": {"runtime": 127}}