{"train/loss": 4.0878, "train/grad_norm": 322.6128845214844, "train/learning_rate": 1.4104372355430186e-07, "train/epoch": 0.0, "train/global_step": 5, "_timestamp": 1713133000.6715546, "_runtime": 400.7017505168915, "_step": 1}