{"train/loss": 3.9886, "train/grad_norm": 236.78216552734375, "train/learning_rate": 4.878048780487805e-07, "train/epoch": 0.12, "train/global_step": 5, "_timestamp": 1713127216.7418246, "_runtime": 271.2232675552368, "_step": 1}