{"train/loss": 6.2677, "train/grad_norm": 397.3558654785156, "train/learning_rate": 7.692307692307694e-08, "train/epoch": 0.02, "train/global_step": 1, "_timestamp": 1713033860.0099275, "_runtime": 90.39495539665222, "_step": 1, "eval/loss": 6.336971282958984, "eval/accuracy": 2.27, "eval/runtime": 24.3453, "eval/samples_per_second": 30.889, "eval/steps_per_second": 1.931, "_wandb": {"runtime": 104}}