{"train/loss": 4.4602, "train/grad_norm": 328.9197082519531, "train/learning_rate": 9.746588693957116e-09, "train/epoch": 0.0, "train/global_step": 1, "_timestamp": 1713195707.576171, "_runtime": 75.72340488433838, "_step": 0}