{"train/loss": 4.3485, "train/grad_norm": 347.2818908691406, "train/learning_rate": 4.873294346978558e-08, "train/epoch": 0.0, "train/global_step": 10, "_timestamp": 1713197190.5542374, "_runtime": 531.5256104469299, "_step": 2, "_wandb": {"runtime": 557}}