{"train/loss": 4.1407, "train/grad_norm": 292.9866027832031, "train/learning_rate": 7.142857142857143e-07, "train/epoch": 0.02, "train/global_step": 1, "_timestamp": 1713197527.5890808, "_runtime": 66.49160981178284, "_step": 0}