{"train/loss": 1.4703, "train/grad_norm": 2.3096163272857666, "train/learning_rate": 1.5575447570332483e-05, "train/epoch": 0.3, "train/global_step": 260, "_timestamp": 1713651794.8849707, "_runtime": 21881.16117477417, "_step": 52}