{"train/loss": 1.3037, "train/grad_norm": 2.109544515609741, "train/learning_rate": 1.0230179028132994e-07, "train/epoch": 1.0, "train/global_step": 869, "_timestamp": 1713702507.5212417, "_runtime": 72593.79744577408, "_step": 174, "train_runtime": 72595.4458, "train_samples_per_second": 3.066, "train_steps_per_second": 0.012, "total_flos": 0.0, "train_loss": 1.4790919729700298, "_wandb": {"runtime": 72593}}