{"train/loss": 1.4921, "train/grad_norm": 2.436066150665283, "train/learning_rate": 1.544757033248082e-05, "train/epoch": 0.3, "train/global_step": 265, "_timestamp": 1713652200.3514366, "_runtime": 22286.627640724182, "_step": 53}