{"train/loss": 3.0322, "train/learning_rate": 2e-05, "train/epoch": 1.0, "train/global_step": 1, "_timestamp": 1713183756.8669934, "_runtime": 55.5179123878479, "_step": 0}