{"train/loss": 3.9195, "train/grad_norm": 319.2173767089844, "train/learning_rate": 9.756097560975611e-08, "train/epoch": 0.02, "train/global_step": 1, "_timestamp": 1713126737.4777417, "_runtime": 67.02440071105957, "_step": 0}