{"train/loss": 3.862, "train/grad_norm": 311.6120910644531, "train/learning_rate": 6.557377049180328e-08, "train/epoch": 0.02, "train/global_step": 1, "_timestamp": 1713126396.8269868, "_runtime": 67.00488471984863, "_step": 0}