{"train/loss": 1.7886, "train/grad_norm": 13.552202224731445, "train/learning_rate": 1.6423357664233577e-06, "train/epoch": 0.01, "train/global_step": 45, "_timestamp": 1713278457.4297552, "_runtime": 2430.077450275421, "_step": 9}