{"train/loss": 1.4782, "train/grad_norm": 8.226977348327637, "train/learning_rate": 1.9098294069861902e-05, "train/epoch": 0.14, "train/global_step": 770, "_timestamp": 1713243426.6851192, "_runtime": 42970.03780722618, "_step": 154}