{"train/loss": 1.1643, "train/learning_rate": 0.0, "train/epoch": 3.0, "train/global_step": 5, "_timestamp": 1713184361.1660938, "_runtime": 207.58533692359924, "_step": 7, "eval/loss": 2.531498432159424, "eval/accuracy": 0.96, "eval/runtime": 1.4512, "eval/samples_per_second": 27.564, "eval/steps_per_second": 1.378, "train/grad_norm": 98.26777648925781, "train_runtime": 228.6352, "train_samples_per_second": 7.873, "train_steps_per_second": 0.022, "total_flos": 0.0, "train_loss": 1.5378968715667725, "_wandb": {"runtime": 206}}