{"train/loss": 3.9338, "train/learning_rate": 4.000000000000001e-06, "train/epoch": 1.0, "train/global_step": 1, "_timestamp": 1713125892.5731313, "_runtime": 32.2914342880249, "_step": 0}