{"train/loss": 6.774, "train/grad_norm": 451.2259216308594, "train/learning_rate": 3.846153846153847e-07, "train/epoch": 0.09, "train/global_step": 5, "_timestamp": 1713032296.587487, "_runtime": 351.6804530620575, "_step": 6, "eval/loss": 6.430459022521973, "eval/accuracy": 1.77, "eval/runtime": 16.2241, "eval/samples_per_second": 46.351, "eval/steps_per_second": 2.897, "_wandb": {"runtime": 376}}