{"train/loss": 1.5803, "train/grad_norm": 2.788630485534668, "train/learning_rate": 1.966751918158568e-05, "train/epoch": 0.11, "train/global_step": 100, "_timestamp": 1713574858.9506178, "_runtime": 7840.834212779999, "_step": 21, "eval/loss": 2.1351757049560547, "eval/accuracy": 0.0, "eval/runtime": 62.9035, "eval/samples_per_second": 11.955, "eval/steps_per_second": 1.494, "_wandb": {"runtime": 7859}}