{"train/loss": 1.0356, "train/grad_norm": 4.1410651206970215, "train/learning_rate": 1.0230179028132994e-07, "train/epoch": 1.0, "train/global_step": 869, "_timestamp": 1713626658.4010708, "_runtime": 62195.378208875656, "_step": 191, "eval/loss": 0.571759045124054, "eval/accuracy": 1.5, "eval/runtime": 21.6755, "eval/samples_per_second": 34.694, "eval/steps_per_second": 4.337, "train_runtime": 62197.4299, "train_samples_per_second": 3.579, "train_steps_per_second": 0.014, "total_flos": 0.0, "train_loss": 1.2100936189482483, "_wandb": {"runtime": 62194}}