{"train/loss": 1.431, "train/grad_norm": 6.7713847160339355, "train/learning_rate": 1.897644191714054e-05, "train/epoch": 0.15, "train/global_step": 800, "_timestamp": 1713321631.4096966, "_runtime": 42884.19417262077, "_step": 160}