{"train/loss": 3.8496, "train/grad_norm": 115.83309936523438, "train/learning_rate": 2.820874471086037e-07, "train/epoch": 0.01, "train/global_step": 10, "_timestamp": 1713134701.4811478, "_runtime": 822.2006118297577, "_step": 2}