{"train/loss": 4.1536, "train/grad_norm": 312.9507141113281, "train/learning_rate": 1e-05, "train/epoch": 0.27, "train/global_step": 1, "_timestamp": 1713200041.7854478, "_runtime": 70.40344476699829, "_step": 0}